R&D Spend,Administration,Marketing Spend,City,Profit
125487.3,89654.2,285673.8,Cairo,147892.65
118743.6,95421.4,267894.3,Alexandria,142156.78
112896.4,78934.2,248573.9,Giza,136574.23
108654.7,84672.1,231456.8,Cairo,129847.34
104782.3,69834.5,219874.6,Sharm El Sheikh,125634.89
98743.2,76543.8,203456.7,Alexandria,118976.45
102345.8,93287.4,189673.2,Giza,116234.67
95674.3,88945.6,195874.3,Cairo,113456.78
91234.5,82134.7,187963.4,Hurghada,108975.23
87963.4,79645.2,174523.8,Alexandria,106234.56
89456.7,85674.3,168974.2,Cairo,104567.89
82374.6,91234.8,163456.7,Aswan,101234.67
85674.9,76543.2,158974.3,Giza,98765.43
78945.3,83267.4,154623.8,Luxor,95847.21
81234.7,89456.1,149876.5,Cairo,93456.78
76543.8,87234.6,145237.9,Alexandria,91234.56
79876.4,74523.8,142658.7,Mansoura,89674.23
73456.9,81967.3,138974.2,Cairo,87234.67
75874.2,78456.9,135674.8,Tanta,85647.89
71234.8,85674.2,131456.9,Giza,83456.78
68974.3,82374.6,128974.3,Ismailia,81234.56
72456.8,79234.7,125674.8,Cairo,79876.43
65874.2,86543.9,122456.7,Alexandria,77634.21
69234.7,78945.3,119874.2,Sharm El Sheikh,75892.67
63456.8,84672.1,116234.8,Cairo,74156.89
67845.3,81234.6,113674.9,Hurghada,72345.67
61234.7,87456.2,110987.3,Giza,70634.23
64785.9,79865.4,108456.7,Aswan,68974.56
59876.4,85234.7,105674.2,Alexandria,67234.89
62456.8,82674.3,102987.6,Cairo,65789.34
58234.7,86943.2,100234.8,Luxor,64156.78
60987.3,78456.9,97865.4,Mansoura,62543.21
56745.2,84523.7,95234.7,Cairo,61087.65
59234.8,81674.2,92674.3,Tanta,59456.89
54987.6,87234.5,90156.8,Giza,58234.67
57456.9,79865.3,87945.2,Ismailia,56789.43
52674.3,85674.8,85234.7,Cairo,55456.78
55234.7,82456.9,82674.3,Alexandria,54123.65
50987.4,88234.6,80156.8,Sharm El Sheikh,52897.23
53456.8,80674.2,77945.6,Cairo,51634.89
48234.7,86543.7,75234.8,Hurghada,50456.78
51674.9,83456.2,72674.3,Giza,49234.67
46987.3,89234.5,70456.8,Aswan,48056.89
49456.8,81674.7,68234.7,Alexandria,46934.23
44234.7,87456.3,65987.4,Cairo,45789.67
47674.2,84234.8,63456.9,Luxor,44656.78
42987.6,90234.5,61234.7,Mansoura,43534.89
45456.8,85674.2,59087.3,Cairo,42456.78
40234.7,91456.7,56945.8,Tanta,41387.65
43674.9,86234.5,54234.7,Giza,40298.23
38987.4,92674.3,52087.6,Ismailia,39256.89
41456.8,87456.9,49934.2,Cairo,38234.67
36234.7,93845.6,47865.8,Alexandria,37189.45
39674.2,88234.7,45234.7,Sharm El Sheikh,36187.23
34987.6,94567.2,43087.4,Cairo,35234.89
37456.9,89674.3,40956.8,Hurghada,34298.67
32234.8,95234.7,38845.2,Giza,33367.45
35674.2,90456.8,36234.7,Aswan,32456.89
30987.6,96087.3,34087.6,Alexandria,31589.23
33456.9,91234.5,31956.8,Cairo,30723.67
28234.7,96845.2,29845.7,Luxor,29898.45
31674.3,92456.8,27234.6,Mansoura,29087.23
26987.4,97567.3,25087.4,Cairo,28298.89
29456.8,93234.7,22956.8,Tanta,27534.67
24234.7,98234.5,20845.2,Giza,26789.45
27674.2,94087.6,18234.7,Ismailia,26067.23
22987.6,98945.3,16087.4,Cairo,25356.89
25456.9,94856.2,13956.8,Alexandria,24678.67
20234.8,99567.4,11845.7,Sharm El Sheikh,23998.45
23674.2,95234.8,9234.6,Cairo,23345.23
18987.6,99834.5,7087.4,Hurghada,22723.89
21456.9,95867.3,4956.8,Giza,22134.67
16234.7,100234.7,2845.2,Aswan,21567.45
19674.3,96456.8,834.6,Alexandria,20998.23
14987.6,100567.2,0.0,Cairo,20456.89
17456.9,97234.5,0.0,Luxor,19923.67
12234.8,100834.7,0.0,Mansoura,19412.45
15674.2,97867.3,0.0,Cairo,18934.23
10987.6,101234.5,0.0,Tanta,18467.89
13456.9,98456.8,0.0,Giza,17998.67
8234.7,101567.2,0.0,Ismailia,17567.45
11674.3,99087.6,0.0,Cairo,17134.23
6987.6,101834.5,0.0,Alexandria,16723.89
9456.9,99567.3,0.0,Sharm El Sheikh,16334.67
4234.8,102087.6,0.0,Cairo,15967.45
7674.2,100234.7,0.0,Hurghada,15623.23
2987.6,102456.8,0.0,Giza,15298.89
5456.9,100867.3,0.0,Aswan,14987.67
834.7,102734.5,0.0,Alexandria,14698.45
3674.2,101456.8,0.0,Cairo,14434.23
0.0,102987.6,0.0,Luxor,14189.89
1456.9,101734.2,0.0,Mansoura,13967.67
0.0,103234.5,0.0,Cairo,13767.45
89456.7,85674.3,178974.2,Cairo,94567.89
76543.8,91234.6,165237.9,Alexandria,88234.56
82374.6,79876.4,152658.7,Giza,84674.23
68974.3,94567.2,149876.5,Cairo,82234.67
75874.2,82456.9,145674.8,Sharm El Sheikh,79647.89
63456.8,98743.2,142456.7,Alexandria,76456.78
71234.8,85674.3,139874.2,Hurghada,74234.56
59876.4,102345.8,136234.8,Giza,72897.43
67845.3,78945.3,133674.9,Aswan,71634.21
55234.7,95674.2,130987.3,Cairo,69234.67
64785.9,81234.7,128456.7,Luxor,67892.89
52674.3,98234.5,125674.2,Alexandria,66534.78
60987.3,84672.1,122987.6,Mansoura,65187.56
48234.7,101234.8,120234.8,Cairo,63897.34
57456.9,87456.2,117865.4,Tanta,62634.78
44987.6,104567.3,115234.7,Giza,61456.89
53456.8,79865.4,112674.3,Ismailia,60234.67
41674.2,107234.5,110156.8,Cairo,59087.45
49456.8,82674.3,107945.2,Alexandria,58234.89
38234.7,109567.2,105234.7,Sharm El Sheikh,57456.78
45674.9,85234.7,102674.3,Cairo,56687.34
34987.6,111834.5,100156.8,Hurghada,55923.67
42456.8,88674.2,97945.6,Giza,55187.89
31234.7,114087.3,95234.8,Aswan,54467.45
38987.4,91456.8,92674.3,Alexandria,53756.78
27674.2,116234.5,90156.8,Cairo,53067.34
35456.9,94234.7,87945.2,Luxor,52398.89
24234.8,118456.2,85234.7,Mansoura,51756.45
31674.3,97087.6,82674.3,Cairo,51134.78
20987.6,120634.5,80156.8,Tanta,50534.67
28456.9,99856.3,77945.6,Giza,49956.89
17234.7,122807.2,75234.8,Ismailia,49398.45
25674.2,102634.5,72674.3,Cairo,48867.78
13987.6,124934.7,70456.8,Alexandria,48356.34
22456.9,105423.8,68234.7,Sharm El Sheikh,47867.89
10234.8,127056.2,65987.4,Cairo,47398.45
19674.3,108234.5,63456.9,Hurghada,46953.78
6987.6,129167.3,61234.7,Giza,46534.67
16456.9,111067.2,59087.3,Aswan,46134.89
3234.8,131234.5,56945.8,Alexandria,45756.45
13674.2,113856.8,54234.7,Cairo,45398.78
0.0,133298.2,52087.6,Luxor,45067.34
10987.6,116634.5,49934.2,Mansoura,44756.89
0.0,135356.7,47865.8,Cairo,44467.45
8456.9,119423.8,45234.7,Tanta,44198.78
0.0,137412.3,43087.4,Giza,43953.67
5674.2,122234.5,40956.8,Ismailia,43728.89
0.0,139467.2,38845.2,Cairo,43523.45
2987.6,125067.3,36234.7,Alexandria,43338.78
0.0,141523.5,34087.6,Sharm El Sheikh,43173.34
1456.9,127856.8,31956.8,Cairo,43026.89
0.0,143578.2,29845.7,Hurghada,42898.45
834.7,130634.5,27234.6,Giza,42787.78
0.0,145634.7,25087.4,Aswan,42694.67
0.0,133423.8,22956.8,Alexandria,42618.89
0.0,147689.2,20845.2,Cairo,42560.45
0.0,136234.5,18234.7,Luxor,42518.78
0.0,149745.3,16087.4,Mansoura,42493.34
0.0,139067.2,13956.8,Cairo,42483.89
0.0,151798.5,11845.7,Tanta,42489.45
0.0,141856.8,9234.6,Giza,42509.78
0.0,153852.2,7087.4,Ismailia,42544.67
0.0,144634.5,4956.8,Cairo,42593.89
0.0,155903.7,2845.2,Alexandria,42656.45
0.0,147423.8,834.6,Sharm El Sheikh,42732.78
0.0,157956.2,0.0,Cairo,42822.34
0.0,150234.5,0.0,Hurghada,42925.89
0.0,160007.3,0.0,Giza,43042.45
0.0,153067.2,0.0,Aswan,43171.78
0.0,162058.5,0.0,Alexandria,43313.67
0.0,155856.8,0.0,Cairo,43468.89
0.0,164109.2,0.0,Luxor,43636.45
0.0,158634.5,0.0,Mansoura,43816.78
0.0,166159.7,0.0,Cairo,44009.34
0.0,161423.8,0.0,Tanta,44214.89
0.0,168210.2,0.0,Giza,44432.45
0.0,164234.5,0.0,Ismailia,44661.78
0.0,170260.3,0.0,Cairo,44902.67
0.0,167067.2,0.0,Alexandria,45155.89
0.0,172310.5,0.0,Sharm El Sheikh,45420.45
0.0,169856.8,0.0,Cairo,45696.78
0.0,174360.2,0.0,Hurghada,45984.34
0.0,172634.5,0.0,Giza,46283.89
0.0,176409.7,0.0,Aswan,46594.45
0.0,175423.8,0.0,Alexandria,46916.78
0.0,178459.2,0.0,Cairo,47250.67
0.0,178234.5,0.0,Luxor,47595.89
0.0,180508.3,0.0,Mansoura,47952.45
0.0,181067.2,0.0,Cairo,48320.78
0.0,182557.5,0.0,Tanta,48700.34
0.0,183856.8,0.0,Giza,49091.89
0.0,184607.2,0.0,Ismailia,49494.45
0.0,186234.5,0.0,Cairo,49908.78
0.0,187423.8,0.0,Alexandria,50334.67
0.0,188672.3,0.0,Sharm El Sheikh,50771.89
0.0,189867.2,0.0,Cairo,51220.45
0.0,191106.5,0.0,Hurghada,51679.78
0.0,192356.8,0.0,Giza,52150.34
0.0,193607.2,0.0,Aswan,52631.89
0.0,194867.5,0.0,Alexandria,53124.45
0.0,196134.3,0.0,Cairo,53627.78
0.0,197423.8,0.0,Luxor,54141.67
0.0,198672.2,0.0,Mansoura,54666.89
0.0,199934.5,0.0,Cairo,55202.45
0.0,201234.7,0.0,Tanta,55748.78
0.0,202567.3,0.0,Giza,56305.34
0.0,203856.8,0.0,Ismailia,56872.89
0.0,205167.2,0.0,Cairo,57450.45
0.0,206423.5,0.0,Alexandria,58038.78
0.0,207734.3,0.0,Sharm El Sheikh,58637.67
0.0,209067.2,0.0,Cairo,59246.89
0.0,210423.5,0.0,Hurghada,59866.45
0.0,211734.8,0.0,Giza,60496.78
0.0,213067.2,0.0,Aswan,61137.34
0.0,214423.5,0.0,Alexandria,61788.89
0.0,215734.3,0.0,Cairo,62450.45
0.0,217067.8,0.0,Luxor,63122.78
0.0,218423.2,0.0,Mansoura,63805.67
0.0,219734.5,0.0,Cairo,64498.89
0.0,221067.3,0.0,Tanta,65202.45
0.0,222423.8,0.0,Giza,65916.78
0.0,223734.2,0.0,Ismailia,66641.34
0.0,225067.5,0.0,Cairo,67376.89
0.0,226423.3,0.0,Alexandria,68122.45
0.0,227734.8,0.0,Sharm El Sheikh,68878.78
0.0,229067.2,0.0,Cairo,69645.67
0.0,230423.5,0.0,Hurghada,70422.89
0.0,231734.3,0.0,Giza,71210.45
0.0,233067.8,0.0,Aswan,72008.78
0.0,234423.2,0.0,Alexandria,72817.34
0.0,235734.5,0.0,Cairo,73636.89
0.0,237067.3,0.0,Luxor,74466.45
0.0,238423.8,0.0,Mansoura,75306.78
0.0,239734.2,0.0,Cairo,76157.67
0.0,241067.5,0.0,Tanta,77018.89
0.0,242423.3,0.0,Giza,77890.45
0.0,243734.8,0.0,Ismailia,78772.78
0.0,245067.2,0.0,Cairo,79665.34
0.0,246423.5,0.0,Alexandria,80568.89
0.0,247734.3,0.0,Sharm El Sheikh,81482.45
0.0,249067.8,0.0,Cairo,82406.78
0.0,250423.2,0.0,Hurghada,83341.67
0.0,251734.5,0.0,Giza,84287.89
0.0,253067.3,0.0,Aswan,85244.45
0.0,254423.8,0.0,Alexandria,86211.78
0.0,255734.2,0.0,Cairo,87189.34
0.0,257067.5,0.0,Luxor,88177.89
0.0,258423.3,0.0,Mansoura,89176.45
0.0,259734.8,0.0,Cairo,90185.78
0.0,261067.2,0.0,Tanta,91205.67
0.0,262423.5,0.0,Giza,92235.89
0.0,263734.3,0.0,Ismailia,93276.45
0.0,265067.8,0.0,Cairo,94327.78
0.0,266423.2,0.0,Alexandria,95389.34
0.0,267734.5,0.0,Sharm El Sheikh,96461.89
0.0,269067.3,0.0,Cairo,97544.45
0.0,270423.8,0.0,Hurghada,98637.78
0.0,271734.2,0.0,Giza,99741.67
0.0,273067.5,0.0,Aswan,100855.89
0.0,274423.3,0.0,Alexandria,101980.45
0.0,275734.8,0.0,Cairo,103115.78
0.0,277067.2,0.0,Luxor,104261.34
0.0,278423.5,0.0,Mansoura,105417.89
0.0,279734.3,0.0,Cairo,106584.45
0.0,281067.8,0.0,Tanta,107761.78
0.0,282423.2,0.0,Giza,108949.67
0.0,283734.5,0.0,Ismailia,110147.89
0.0,285067.3,0.0,Cairo,111356.45
0.0,286423.8,0.0,Alexandria,112575.78
0.0,287734.2,0.0,Sharm El Sheikh,113805.34
0.0,289067.5,0.0,Cairo,115045.89
0.0,290423.3,0.0,Hurghada,116296.45
0.0,291734.8,0.0,Giza,117557.78
0.0,293067.2,0.0,Aswan,118829.67
0.0,294423.5,0.0,Alexandria,120111.89
0.0,295734.3,0.0,Cairo,121404.45
0.0,297067.8,0.0,Luxor,122707.78
0.0,298423.2,0.0,Mansoura,124021.34
0.0,299734.5,0.0,Cairo,125345.89
0.0,301067.3,0.0,Tanta,126680.45
0.0,302423.8,0.0,Giza,128025.78
0.0,303734.2,0.0,Ismailia,129381.67
0.0,305067.5,0.0,Cairo,130747.89
0.0,306423.3,0.0,Alexandria,132124.45
0.0,307734.8,0.0,Sharm El Sheikh,133511.78
0.0,309067.2,0.0,Cairo,134909.34
0.0,310423.5,0.0,Hurghada,136317.89
0.0,311734.3,0.0,Giza,137736.45
0.0,313067.8,0.0,Aswan,139165.78
0.0,314423.2,0.0,Alexandria,140605.67
0.0,315734.5,0.0,Cairo,142055.89
0.0,317067.3,0.0,Luxor,143516.45
0.0,318423.8,0.0,Mansoura,144987.78
0.0,319734.2,0.0,Cairo,146469.34
0.0,321067.5,0.0,Tanta,147961.89
0.0,322423.3,0.0,Giza,149464.45
0.0,323734.8,0.0,Ismailia,150977.78
0.0,325067.2,0.0,Cairo,152501.67
0.0,326423.5,0.0,Alexandria,154035.89
0.0,327734.3,0.0,Sharm El Sheikh,155580.45
0.0,329067.8,0.0,Cairo,157135.78
0.0,330423.2,0.0,Hurghada,158701.34
0.0,331734.5,0.0,Giza,160277.89
0.0,333067.3,0.0,Aswan,161864.45
0.0,334423.8,0.0,Alexandria,163461.78
0.0,335734.2,0.0,Cairo,165069.67
0.0,337067.5,0.0,Luxor,166687.89
0.0,338423.3,0.0,Mansoura,168316.45
0.0,339734.8,0.0,Cairo,169955.78
0.0,341067.2,0.0,Tanta,171605.34
0.0,342423.5,0.0,Giza,173265.89
0.0,343734.3,0.0,Ismailia,174936.45
0.0,345067.8,0.0,Cairo,176617.78
0.0,346423.2,0.0,Alexandria,178309.67
0.0,347734.5,0.0,Sharm El Sheikh,180011.89
0.0,349067.3,0.0,Cairo,181724.45
0.0,350423.8,0.0,Hurghada,183447.78
0.0,351734.2,0.0,Giza,185181.34
0.0,353067.5,0.0,Aswan,186925.89
0.0,354423.3,0.0,Alexandria,188680.45
0.0,355734.8,0.0,Cairo,190445.78
0.0,357067.2,0.0,Luxor,192221.67
0.0,358423.5,0.0,Mansoura,194007.89
0.0,359734.3,0.0,Cairo,195804.45
0.0,361067.8,0.0,Tanta,197611.78
0.0,362423.2,0.0,Giza,199429.34
0.0,363734.5,0.0,Ismailia,201257.89
0.0,365067.3,0.0,Cairo,203096.45
0.0,366423.8,0.0,Alexandria,204945.78
0.0,367734.2,0.0,Sharm El Sheikh,206805.67
0.0,369067.5,0.0,Cairo,208675.89
0.0,370423.3,0.0,Hurghada,210556.45
0.0,371734.8,0.0,Giza,212447.78
0.0,373067.2,0.0,Aswan,214349.34
0.0,374423.5,0.0,Alexandria,216261.89
0.0,375734.3,0.0,Cairo,218184.45
0.0,377067.8,0.0,Luxor,220117.78
0.0,378423.2,0.0,Mansoura,222061.67
0.0,379734.5,0.0,Cairo,224015.89
0.0,381067.3,0.0,Tanta,225980.45
0.0,382423.8,0.0,Giza,227955.78
0.0,383734.2,0.0,Ismailia,229941.34
0.0,385067.5,0.0,Cairo,231937.89
0.0,386423.3,0.0,Alexandria,233944.45
0.0,387734.8,0.0,Sharm El Sheikh,235961.78
0.0,389067.2,0.0,Cairo,237989.67
0.0,390423.5,0.0,Hurghada,240027.89
0.0,391734.3,0.0,Giza,242076.45
0.0,393067.8,0.0,Aswan,244135.78
0.0,394423.2,0.0,Alexandria,246205.34
0.0,395734.5,0.0,Cairo,248285.89
0.0,397067.3,0.0,Luxor,250376.45
0.0,398423.8,0.0,Mansoura,252477.78
0.0,399734.2,0.0,Cairo,254589.67
0.0,401067.5,0.0,Tanta,256711.89
0.0,402423.3,0.0,Giza,258844.45
0.0,403734.8,0.0,Ismailia,260987.78
0.0,405067.2,0.0,Cairo,263141.34
0.0,406423.5,0.0,Alexandria,265305.89
0.0,407734.3,0.0,Sharm El Sheikh,267480.45
0.0,409067.8,0.0,Cairo,269665.78
0.0,410423.2,0.0,Hurghada,271861.67
0.0,411734.5,0.0,Giza,274067.89
0.0,413067.3,0.0,Aswan,276284.45
0.0,414423.8,0.0,Alexandria,278511.78
0.0,415734.2,0.0,Cairo,280749.34
0.0,417067.5,0.0,Luxor,282997.89
0.0,418423.3,0.0,Mansoura,285256.45
0.0,419734.8,0.0,Cairo,287525.78
0.0,421067.2,0.0,Tanta,289805.67
0.0,422423.5,0.0,Giza,292095.89
0.0,423734.3,0.0,Ismailia,294396.45
0.0,425067.8,0.0,Cairo,296707.78
0.0,426423.2,0.0,Alexandria,299029.34
0.0,427734.5,0.0,Sharm El Sheikh,301361.89
0.0,429067.3,0.0,Cairo,303704.45
0.0,430423.8,0.0,Hurghada,306057.78
0.0,431734.2,0.0,Giza,308421.67
0.0,433067.5,0.0,Aswan,310795.89
0.0,434423.3,0.0,Alexandria,313180.45
0.0,435734.8,0.0,Cairo,315575.78
0.0,437067.2,0.0,Luxor,317981.34
0.0,438423.5,0.0,Mansoura,320397.89
0.0,439734.3,0.0,Cairo,322824.45
0.0,441067.8,0.0,Tanta,325261.78
0.0,442423.2,0.0,Giza,327709.67
0.0,443734.5,0.0,Ismailia,330167.89
0.0,445067.3,0.0,Cairo,332636.45
0.0,446423.8,0.0,Alexandria,335115.78
0.0,447734.2,0.0,Sharm El Sheikh,337605.34
0.0,449067.5,0.0,Cairo,340105.89
0.0,450423.3,0.0,Hurghada,342616.45
0.0,451734.8,0.0,Giza,345137.78
0.0,453067.2,0.0,Aswan,347669.67
0.0,454423.5,0.0,Alexandria,350211.89
0.0,455734.3,0.0,Cairo,352764.45
0.0,457067.8,0.0,Luxor,355327.78
0.0,458423.2,0.0,Mansoura,357901.34
0.0,459734.5,0.0,Cairo,360485.89
0.0,461067.3,0.0,Tanta,363080.45
0.0,462423.8,0.0,Giza,365685.78
0.0,463734.2,0.0,Ismailia,368301.67
0.0,465067.5,0.0,Cairo,370927.89
0.0,466423.3,0.0,Alexandria,373564.45
0.0,467734.8,0.0,Sharm El Sheikh,376211.78
0.0,469067.2,0.0,Cairo,378869.34
0.0,470423.5,0.0,Hurghada,381537.89
0.0,471734.3,0.0,Giza,384216.45
0.0,473067.8,0.0,Aswan,386905.78
0.0,474423.2,0.0,Alexandria,389605.67
0.0,475734.5,0.0,Cairo,392315.89
0.0,477067.3,0.0,Luxor,395036.45
0.0,478423.8,0.0,Mansoura,397767.78
0.0,479734.2,0.0,Cairo,400509.34
0.0,481067.5,0.0,Tanta,403261.89
0.0,482423.3,0.0,Giza,406024.45
0.0,483734.8,0.0,Ismailia,408797.78
0.0,485067.2,0.0,Cairo,411581.67
0.0,486423.5,0.0,Alexandria,414375.89
0.0,487734.3,0.0,Sharm El Sheikh,417180.45
0.0,489067.8,0.0,Cairo,419995.78
0.0,490423.2,0.0,Hurghada,422821.34
0.0,491734.5,0.0,Giza,425657.89
0.0,493067.3,0.0,Aswan,428504.45
0.0,494423.8,0.0,Alexandria,431361.78
0.0,495734.2,0.0,Cairo,434229.67
0.0,497067.5,0.0,Luxor,437107.89
0.0,498423.3,0.0,Mansoura,439996.45
0.0,499734.8,0.0,Cairo,442895.78
0.0,501067.2,0.0,Tanta,445805.34
0.0,502423.5,0.0,Giza,448725.89
0.0,503734.3,0.0,Ismailia,451656.45
0.0,505067.8,0.0,Cairo,454597.78
0.0,506423.2,0.0,Alexandria,457549.67
0.0,507734.5,0.0,Sharm El Sheikh,460511.89
0.0,509067.3,0.0,Cairo,463484.45
0.0,510423.8,0.0,Hurghada,466467.78
0.0,511734.2,0.0,Giza,469461.34
0.0,513067.5,0.0,Aswan,472465.89
0.0,514423.3,0.0,Alexandria,475480.45
0.0,515734.8,0.0,Cairo,478505.78
0.0,517067.2,0.0,Luxor,481541.67
0.0,518423.5,0.0,Mansoura,484587.89
0.0,519734.3,0.0,Cairo,487644.45
0.0,521067.8,0.0,Tanta,490711.78
0.0,522423.2,0.0,Giza,493789.34
0.0,523734.5,0.0,Ismailia,496877.89
0.0,525067.3,0.0,Cairo,499976.45
0.0,526423.8,0.0,Alexandria,503085.78
0.0,527734.2,0.0,Sharm El Sheikh,506205.67
0.0,529067.5,0.0,Cairo,509335.89
0.0,530423.3,0.0,Hurghada,512476.45
0.0,531734.8,0.0,Giza,515627.78
0.0,533067.2,0.0,Aswan,518789.34
0.0,534423.5,0.0,Alexandria,521961.89
0.0,535734.3,0.0,Cairo,525144.45
0.0,537067.8,0.0,Luxor,528337.78
0.0,538423.2,0.0,Mansoura,531541.67
0.0,539734.5,0.0,Cairo,534755.89
0.0,541067.3,0.0,Tanta,537980.45
0.0,542423.8,0.0,Giza,541215.78
0.0,543734.2,0.0,Ismailia,544461.34
0.0,545067.5,0.0,Cairo,547717.89
0.0,546423.3,0.0,Alexandria,550984.45
0.0,547734.8,0.0,Sharm El Sheikh,554261.78
0.0,549067.2,0.0,Cairo,557549.67
0.0,550423.5,0.0,Hurghada,560847.89
0.0,551734.3,0.0,Giza,564156.45
0.0,553067.8,0.0,Aswan,567475.78
0.0,554423.2,0.0,Alexandria,570805.34
0.0,555734.5,0.0,Cairo,574145.89
0.0,557067.3,0.0,Luxor,577496.45
0.0,558423.8,0.0,Mansoura,580857.78
0.0,559734.2,0.0,Cairo,584229.67
0.0,561067.5,0.0,Tanta,587611.89
0.0,562423.3,0.0,Giza,591004.45
0.0,563734.8,0.0,Ismailia,594407.78
0.0,565067.2,0.0,Cairo,597821.34
0.0,566423.5,0.0,Alexandria,601245.89
0.0,567734.3,0.0,Sharm El Sheikh,604680.45
0.0,569067.8,0.0,Cairo,608125.78
0.0,570423.2,0.0,Hurghada,611581.67
0.0,571734.5,0.0,Giza,615047.89
0.0,573067.3,0.0,Aswan,618524.45
0.0,574423.8,0.0,Alexandria,622011.78
0.0,575734.2,0.0,Cairo,625509.34
0.0,577067.5,0.0,Luxor,629017.89
0.0,578423.3,0.0,Mansoura,632536.45
0.0,579734.8,0.0,Cairo,636065.78
0.0,581067.2,0.0,Tanta,639605.67
0.0,582423.5,0.0,Giza,643155.89
0.0,583734.3,0.0,Ismailia,646716.45
0.0,585067.8,0.0,Cairo,650287.78
0.0,586423.2,0.0,Alexandria,653869.34
0.0,587734.5,0.0,Sharm El Sheikh,657461.89
0.0,589067.3,0.0,Cairo,661064.45
0.0,590423.8,0.0,Hurghada,664677.78
0.0,591734.2,0.0,Giza,668301.67
0.0,593067.5,0.0,Aswan,671935.89
0.0,594423.3,0.0,Alexandria,675580.45
0.0,595734.8,0.0,Cairo,679235.78
0.0,597067.2,0.0,Luxor,682901.34
0.0,598423.5,0.0,Mansoura,686577.89
0.0,599734.3,0.0,Cairo,690264.45
0.0,601067.8,0.0,Tanta,693961.78
0.0,602423.2,0.0,Giza,697669.67
0.0,603734.5,0.0,Ismailia,701387.89
0.0,605067.3,0.0,Cairo,705116.45
0.0,606423.8,0.0,Alexandria,708855.78
0.0,607734.2,0.0,Sharm El Sheikh,712605.34
0.0,609067.5,0.0,Cairo,716365.89
0.0,610423.3,0.0,Hurghada,720136.45
0.0,611734.8,0.0,Giza,723917.78
0.0,613067.2,0.0,Aswan,727709.67
0.0,614423.5,0.0,Alexandria,731511.89
0.0,615734.3,0.0,Cairo,735324.45
0.0,617067.8,0.0,Luxor,739147.78
0.0,618423.2,0.0,Mansoura,742981.34
0.0,619734.5,0.0,Cairo,746825.89
0.0,621067.3,0.0,Tanta,750680.45
0.0,622423.8,0.0,Giza,754545.78
0.0,623734.2,0.0,Ismailia,758421.67
0.0,625067.5,0.0,Cairo,762307.89
0.0,626423.3,0.0,Alexandria,766204.45
0.0,627734.8,0.0,Sharm El Sheikh,770111.78
0.0,629067.2,0.0,Cairo,774029.34
0.0,630423.5,0.0,Hurghada,777957.89
0.0,631734.3,0.0,Giza,781896.45
0.0,633067.8,0.0,Aswan,785845.78
0.0,634423.2,0.0,Alexandria,789805.67
0.0,635734.5,0.0,Cairo,793775.89
0.0,637067.3,0.0,Luxor,797756.45
0.0,638423.8,0.0,Mansoura,801747.78
0.0,639734.2,0.0,Cairo,805749.34
0.0,641067.5,0.0,Tanta,809761.89
0.0,642423.3,0.0,Giza,813784.45
0.0,643734.8,0.0,Ismailia,817817.78
0.0,645067.2,0.0,Cairo,821861.67
0.0,646423.5,0.0,Alexandria,825915.89
0.0,647734.3,0.0,Sharm El Sheikh,829980.45
0.0,649067.8,0.0,Cairo,834055.78
0.0,650423.2,0.0,Hurghada,838141.34
0.0,651734.5,0.0,Giza,842237.89
0.0,653067.3,0.0,Aswan,846344.45
0.0,654423.8,0.0,Alexandria,850461.78
0.0,655734.2,0.0,Cairo,854589.67
0.0,657067.5,0.0,Luxor,858727.89
0.0,658423.3,0.0,Mansoura,862876.45
0.0,659734.8,0.0,Cairo,867035.78
0.0,661067.2,0.0,Tanta,871205.34
0.0,662423.5,0.0,Giza,875385.89
0.0,663734.3,0.0,Ismailia,879576.45
0.0,665067.8,0.0,Cairo,883777.78
0.0,666423.2,0.0,Alexandria,887989.67
0.0,667734.5,0.0,Sharm El Sheikh,892211.89
0.0,669067.3,0.0,Cairo,896444.45
0.0,670423.8,0.0,Hurghada,900687.78
0.0,671734.2,0.0,Giza,904941.34
0.0,673067.5,0.0,Aswan,909205.89
0.0,674423.3,0.0,Alexandria,913480.45
0.0,675734.8,0.0,Cairo,917765.78
0.0,677067.2,0.0,Luxor,922061.67
0.0,678423.5,0.0,Mansoura,926367.89
0.0,679734.3,0.0,Cairo,930684.45
0.0,681067.8,0.0,Tanta,935011.78
0.0,682423.2,0.0,Giza,939349.34
0.0,683734.5,0.0,Ismailia,943697.89
0.0,685067.3,0.0,Cairo,948056.45
0.0,686423.8,0.0,Alexandria,952425.78
0.0,687734.2,0.0,Sharm El Sheikh,956805.67
0.0,689067.5,0.0,Cairo,961195.89
0.0,690423.3,0.0,Hurghada,965596.45
0.0,691734.8,0.0,Giza,970007.78
0.0,693067.2,0.0,Aswan,974429.34
0.0,694423.5,0.0,Alexandria,978861.89
0.0,695734.3,0.0,Cairo,983304.45
0.0,697067.8,0.0,Luxor,987757.78
0.0,698423.2,0.0,Mansoura,992221.67
0.0,699734.5,0.0,Cairo,996695.89
0.0,701067.3,0.0,Tanta,1001180.45
0.0,702423.8,0.0,Giza,1005675.78
0.0,703734.2,0.0,Ismailia,1010181.34
0.0,705067.5,0.0,Cairo,1014697.89
0.0,706423.3,0.0,Alexandria,1019224.45
0.0,707734.8,0.0,Sharm El Sheikh,1023761.78
0.0,709067.2,0.0,Cairo,1028309.67
0.0,710423.5,0.0,Hurghada,1032867.89
0.0,711734.3,0.0,Giza,1037436.45
0.0,713067.8,0.0,Aswan,1042015.78
0.0,714423.2,0.0,Alexandria,1046605.34
0.0,715734.5,0.0,Cairo,1051205.89
0.0,717067.3,0.0,Luxor,1055816.45
0.0,718423.8,0.0,Mansoura,1060437.78
0.0,719734.2,0.0,Cairo,1065069.67
0.0,721067.5,0.0,Tanta,1069711.89
0.0,722423.3,0.0,Giza,1074364.45
0.0,723734.8,0.0,Ismailia,1079027.78
0.0,725067.2,0.0,Cairo,1083701.34
0.0,726423.5,0.0,Alexandria,1088385.89
0.0,727734.3,0.0,Sharm El Sheikh,1093080.45
0.0,729067.8,0.0,Cairo,1097785.78
0.0,730423.2,0.0,Hurghada,1102501.67
0.0,731734.5,0.0,Giza,1107227.89
0.0,733067.3,0.0,Aswan,1111964.45
0.0,734423.8,0.0,Alexandria,1116711.78
0.0,735734.2,0.0,Cairo,1121469.34
0.0,737067.5,0.0,Luxor,1126237.89
0.0,738423.3,0.0,Mansoura,1131016.45
0.0,739734.8,0.0,Cairo,1135805.78
0.0,741067.2,0.0,Tanta,1140605.67
0.0,742423.5,0.0,Giza,1145415.89
0.0,743734.3,0.0,Ismailia,1150236.45
0.0,745067.8,0.0,Cairo,1155067.78
0.0,746423.2,0.0,Alexandria,1159909.34
0.0,747734.5,0.0,Sharm El Sheikh,1164761.89
0.0,749067.3,0.0,Cairo,1169624.45
0.0,750423.8,0.0,Hurghada,1174497.78
0.0,751734.2,0.0,Giza,1179381.67
0.0,753067.5,0.0,Aswan,1184275.89
0.0,754423.3,0.0,Alexandria,1189180.45
0.0,755734.8,0.0,Cairo,1194095.78
0.0,757067.2,0.0,Luxor,1199021.34
0.0,758423.5,0.0,Mansoura,1203957.89
0.0,759734.3,0.0,Cairo,1208904.45
0.0,761067.8,0.0,Tanta,1213861.78
0.0,762423.2,0.0,Giza,1218829.67
0.0,763734.5,0.0,Ismailia,1223807.89
0.0,765067.3,0.0,Cairo,1228796.45
0.0,766423.8,0.0,Alexandria,1233795.78
0.0,767734.2,0.0,Sharm El Sheikh,1238805.34
0.0,769067.5,0.0,Cairo,1243825.89
0.0,770423.3,0.0,Hurghada,1248856.45
0.0,771734.8,0.0,Giza,1253897.78
0.0,773067.2,0.0,Aswan,1258949.67
0.0,774423.5,0.0,Alexandria,1264011.89
0.0,775734.3,0.0,Cairo,1269084.45
0.0,777067.8,0.0,Luxor,1274167.78
0.0,778423.2,0.0,Mansoura,1279261.34
0.0,779734.5,0.0,Cairo,1284365.89
0.0,781067.3,0.0,Tanta,1289480.45
0.0,782423.8,0.0,Giza,1294605.78
0.0,783734.2,0.0,Ismailia,1299741.67
0.0,785067.5,0.0,Cairo,1304887.89
0.0,786423.3,0.0,Alexandria,1310044.45
0.0,787734.8,0.0,Sharm El Sheikh,1315211.78
0.0,789067.2,0.0,Cairo,1320389.34
0.0,790423.5,0.0,Hurghada,1325577.89
0.0,791734.3,0.0,Giza,1330776.45
0.0,793067.8,0.0,Aswan,1335985.78
0.0,794423.2,0.0,Alexandria,1341205.67
0.0,795734.5,0.0,Cairo,1346435.89
0.0,797067.3,0.0,Luxor,1351676.45
0.0,798423.8,0.0,Mansoura,1356927.78
0.0,799734.2,0.0,Cairo,1362189.34
0.0,801067.5,0.0,Tanta,1367461.89
0.0,802423.3,0.0,Giza,1372744.45
0.0,803734.8,0.0,Ismailia,1378037.78
0.0,805067.2,0.0,Cairo,1383341.67
0.0,806423.5,0.0,Alexandria,1388655.89
0.0,807734.3,0.0,Sharm El Sheikh,1393980.45
0.0,809067.8,0.0,Cairo,1399315.78
0.0,810423.2,0.0,Hurghada,1404661.34
0.0,811734.5,0.0,Giza,1410017.89
0.0,813067.3,0.0,Aswan,1415384.45
0.0,814423.8,0.0,Alexandria,1420761.78
0.0,815734.2,0.0,Cairo,1426149.67
0.0,817067.5,0.0,Luxor,1431547.89
0.0,818423.3,0.0,Mansoura,1436956.45
0.0,819734.8,0.0,Cairo,1442375.78
0.0,821067.2,0.0,Tanta,1447805.34
0.0,822423.5,0.0,Giza,1453245.89
0.0,823734.3,0.0,Ismailia,1458696.45
0.0,825067.8,0.0,Cairo,1464157.78
0.0,826423.2,0.0,Alexandria,1469629.67
0.0,827734.5,0.0,Sharm El Sheikh,1475111.89
0.0,829067.3,0.0,Cairo,1480604.45
0.0,830423.8,0.0,Hurghada,1486107.78
0.0,831734.2,0.0,Giza,1491621.34
0.0,833067.5,0.0,Aswan,1497145.89
0.0,834423.3,0.0,Alexandria,1502680.45
0.0,835734.8,0.0,Cairo,1508225.78
0.0,837067.2,0.0,Luxor,1513781.67
0.0,838423.5,0.0,Mansoura,1519347.89
0.0,839734.3,0.0,Cairo,1524924.45
0.0,841067.8,0.0,Tanta,1530511.78
0.0,842423.2,0.0,Giza,1536109.34
0.0,843734.5,0.0,Ismailia,1541717.89
0.0,845067.3,0.0,Cairo,1547336.45
0.0,846423.8,0.0,Alexandria,1552965.78
0.0,847734.2,0.0,Sharm El Sheikh,1558605.67
0.0,849067.5,0.0,Cairo,1564255.89
0.0,850423.3,0.0,Hurghada,1569916.45
0.0,851734.8,0.0,Giza,1575587.78
0.0,853067.2,0.0,Aswan,1581269.34
0.0,854423.5,0.0,Alexandria,1586961.89
0.0,855734.3,0.0,Cairo,1592664.45
0.0,857067.8,0.0,Luxor,1598377.78
0.0,858423.2,0.0,Mansoura,1604101.67
0.0,859734.5,0.0,Cairo,1609835.89
0.0,861067.3,0.0,Tanta,1615580.45
0.0,862423.8,0.0,Giza,1621335.78
0.0,863734.2,0.0,Ismailia,1627101.34
0.0,865067.5,0.0,Cairo,1632877.89
0.0,866423.3,0.0,Alexandria,1638664.45
0.0,867734.8,0.0,Sharm El Sheikh,1644461.78
0.0,869067.2,0.0,Cairo,1650269.67
0.0,870423.5,0.0,Hurghada,1656087.89
0.0,871734.3,0.0,Giza,1661916.45
0.0,873067.8,0.0,Aswan,1667755.78
0.0,874423.2,0.0,Alexandria,1673605.34
0.0,875734.5,0.0,Cairo,1679465.89
0.0,877067.3,0.0,Luxor,1685336.45
0.0,878423.8,0.0,Mansoura,1691217.78
0.0,879734.2,0.0,Cairo,1697109.67
0.0,881067.5,0.0,Tanta,1703011.89
0.0,882423.3,0.0,Giza,1708924.45
0.0,883734.8,0.0,Ismailia,1714847.78
0.0,885067.2,0.0,Cairo,1720781.34
0.0,886423.5,0.0,Alexandria,1726725.89
0.0,887734.3,0.0,Sharm El Sheikh,1732680.45
0.0,889067.8,0.0,Cairo,1738645.78
0.0,890423.2,0.0,Hurghada,1744621.67
0.0,891734.5,0.0,Giza,1750607.89
0.0,893067.3,0.0,Aswan,1756604.45
0.0,894423.8,0.0,Alexandria,1762611.78
0.0,895734.2,0.0,Cairo,1768629.34
0.0,897067.5,0.0,Luxor,1774657.89
0.0,898423.3,0.0,Mansoura,1780696.45
0.0,899734.8,0.0,Cairo,1786745.78
0.0,901067.2,0.0,Tanta,1792805.67
0.0,902423.5,0.0,Giza,1798875.89
0.0,903734.3,0.0,Ismailia,1804956.45
0.0,905067.8,0.0,Cairo,1811047.78
0.0,906423.2,0.0,Alexandria,1817149.34
0.0,907734.5,0.0,Sharm El Sheikh,1823261.89
0.0,909067.3,0.0,Cairo,1829384.45
0.0,910423.8,0.0,Hurghada,1835517.78
0.0,911734.2,0.0,Giza,1841661.67
0.0,913067.5,0.0,Aswan,1847815.89
0.0,914423.3,0.0,Alexandria,1853980.45
0.0,915734.8,0.0,Cairo,1860155.78
0.0,917067.2,0.0,Luxor,1866341.34
0.0,918423.5,0.0,Mansoura,1872537.89
0.0,919734.3,0.0,Cairo,1878744.45
0.0,921067.8,0.0,Tanta,1884961.78
0.0,922423.2,0.0,Giza,1891189.67
0.0,923734.5,0.0,Ismailia,1897427.89
0.0,925067.3,0.0,Cairo,1903676.45
0.0,926423.8,0.0,Alexandria,1909935.78
0.0,927734.2,0.0,Sharm El Sheikh,1916205.34
0.0,929067.5,0.0,Cairo,1922485.89
0.0,930423.3,0.0,Hurghada,1928776.45
0.0,931734.8,0.0,Giza,1935077.78
0.0,933067.2,0.0,Aswan,1941389.67
0.0,934423.5,0.0,Alexandria,1947711.89
0.0,935734.3,0.0,Cairo,1954044.45
0.0,937067.8,0.0,Luxor,1960387.78
0.0,938423.2,0.0,Mansoura,1966741.34
0.0,939734.5,0.0,Cairo,1973105.89
0.0,941067.3,0.0,Tanta,1979480.45
0.0,942423.8,0.0,Giza,1985865.78
0.0,943734.2,0.0,Ismailia,1992261.67
0.0,945067.5,0.0,Cairo,1998667.89
0.0,946423.3,0.0,Alexandria,2005084.45
0.0,947734.8,0.0,Sharm El Sheikh,2011511.78
0.0,949067.2,0.0,Cairo,2017949.34
0.0,950423.5,0.0,Hurghada,2024397.89
0.0,951734.3,0.0,Giza,2030856.45
0.0,953067.8,0.0,Aswan,2037325.78
0.0,954423.2,0.0,Alexandria,2043805.67
0.0,955734.5,0.0,Cairo,2050295.89
0.0,957067.3,0.0,Luxor,2056796.45
0.0,958423.8,0.0,Mansoura,2063307.78
0.0,959734.2,0.0,Cairo,2069829.34
0.0,961067.5,0.0,Tanta,2076361.89
0.0,962423.3,0.0,Giza,2082904.45
0.0,963734.8,0.0,Ismailia,2089457.78
0.0,965067.2,0.0,Cairo,2096021.67
0.0,966423.5,0.0,Alexandria,2102595.89
0.0,967734.3,0.0,Sharm El Sheikh,2109180.45
0.0,969067.8,0.0,Cairo,2115775.78
0.0,970423.2,0.0,Hurghada,2122381.34
0.0,971734.5,0.0,Giza,2128997.89
0.0,973067.3,0.0,Aswan,2135624.45
0.0,974423.8,0.0,Alexandria,2142261.78
0.0,975734.2,0.0,Cairo,2148909.67
0.0,977067.5,0.0,Luxor,2155567.89
0.0,978423.3,0.0,Mansoura,2162236.45
0.0,979734.8,0.0,Cairo,2168915.78
0.0,981067.2,0.0,Tanta,2175605.34
0.0,982423.5,0.0,Giza,2182305.89
0.0,983734.3,0.0,Ismailia,2189016.45
0.0,985067.8,0.0,Cairo,2195737.78
0.0,986423.2,0.0,Alexandria,2202469.67
0.0,987734.5,0.0,Sharm El Sheikh,2209211.89
0.0,989067.3,0.0,Cairo,2215964.45
0.0,990423.8,0.0,Hurghada,2222727.78
0.0,991734.2,0.0,Giza,2229501.34
0.0,993067.5,0.0,Aswan,2236285.89
0.0,994423.3,0.0,Alexandria,2243080.45
0.0,995734.8,0.0,Cairo,2249885.78
0.0,997067.2,0.0,Luxor,2256701.67
0.0,998423.5,0.0,Mansoura,2263527.89
0.0,999734.3,0.0,Cairo,2270364.45
